{
  "score": 1.4928160178944252,
  "stats": {
    "total_return": 30.044495901443476,
    "annual_return": 9.63070108893258,
    "buy_hold_return": -26.79420257615586,
    "sharpe_ratio": 1.4967348513445045,
    "sortino_ratio": 2.6607704773948204,
    "calmar_ratio": 2.3985963087850233,
    "max_drawdown": -4.015140460968558,
    "avg_drawdown": -0.8744191057402996,
    "total_trades": 22,
    "win_rate": 68.18181818181817,
    "best_trade": 34.613641958660274,
    "worst_trade": -8.273975608564916,
    "avg_trade": 5.795426168782725,
    "profit_factor": 4.279701458549549,
    "avg_trade_duration": "42 days 00:00:00",
    "exposure_time": 87.77777777777777,
    "initial_capital": 100000,
    "final_equity": 130044.49590144347,
    "equity_peak": 134998.34917552184
  },
  "params": {
    "rf_n_estimators": 350,
    "rf_max_depth": 14,
    "rf_min_samples_leaf": 2,
    "xgb_n_estimators": 600,
    "xgb_max_depth": 8,
    "xgb_learning_rate": 0.08,
    "xgb_subsample": 0.6,
    "xgb_colsample": 0.9,
    "xgb_reg_lambda": 4.441932135345839,
    "xgb_reg_alpha": 0.427185634300336,
    "bag_n_estimators": 40,
    "weights": {
      "rf": 0.37474352875886774,
      "xgb": 0.24283980673650526,
      "bagging": 0.3824166645046271
    },
    "threshold_buy": 0.53,
    "threshold_sell": 0.35,
    "position_size": 0.2,
    "stop_loss": 0.06,
    "take_profit": 0.18,
    "n_features": 35
  }
}