{
  "score": 1.5503191508254337,
  "stats": {
    "total_return": 31.065904018325845,
    "annual_return": 9.87381760592334,
    "buy_hold_return": -24.6442372553906,
    "sharpe_ratio": 1.5537213078626815,
    "sortino_ratio": 2.7561772343672475,
    "calmar_ratio": 2.820369363925128,
    "max_drawdown": -3.5008952133070537,
    "avg_drawdown": -0.879740540603283,
    "total_trades": 49,
    "win_rate": 53.06122448979592,
    "best_trade": 22.278686668741308,
    "worst_trade": -11.299621508956895,
    "avg_trade": 2.5420780393333953,
    "profit_factor": 2.3762320663817693,
    "avg_trade_duration": "19 days 00:00:00",
    "exposure_time": 89.64088397790056,
    "initial_capital": 100000,
    "final_equity": 131065.90401832585,
    "equity_peak": 131951.05167969514
  },
  "params": {
    "rf_n_estimators": 350,
    "rf_max_depth": 16,
    "rf_min_samples_leaf": 5,
    "xgb_n_estimators": 250,
    "xgb_max_depth": 4,
    "xgb_learning_rate": 0.15,
    "xgb_subsample": 0.7,
    "xgb_colsample": 0.6,
    "xgb_reg_lambda": 2.3902629388721284,
    "xgb_reg_alpha": 0.60910410605114,
    "bag_n_estimators": 50,
    "weights": {
      "rf": 0.4188030397251886,
      "xgb": 0.41824784288677824,
      "bagging": 0.16294911738803317
    },
    "threshold_buy": 0.6,
    "threshold_sell": 0.37,
    "position_size": 0.2,
    "stop_loss": 0.03,
    "take_profit": 0.18,
    "n_features": 30
  }
}